구분,기업명,사업자등록번호,등록연도,현행특구,강소특구여부
1,㈜비티웍스,120-86-42098,2008,대덕,
2,㈜라스테크,314-81-38438,2009,대덕,
3,서울프로폴리스㈜,314-81-57605,2009,대덕,
4,호전에이블,314-86-31949,2012,대덕,
5,㈜세이프텍리서치,314-86-39131,2012,대덕,
6,㈜에스엠나노바이오,314-86-51514,2013,강소(안산),강소
7,㈜디지엠텍,514-81-91464,2014,대구,
8,㈜한남바이오,314-86-56159,2014,대덕,
9,㈜욱성미디어,314-86-31895,2014,대덕,
10,㈜부경대학교어간장연구소,617-86-19335,2014,부산,
11,㈜알앤에스랩,135-86-42334,2014,대구,
12,㈜이인텔리전스,514-81-96474,2014,대구,
13,㈜정상라이다,318-81-05832,2014,대덕,
14,㈜신성티케이, 410-86-88342,2015,광주,
15,㈜마그네타,318-81-07354,2015,대덕,
16,㈜케이에스티플랜트,606-86-60590,2015,부산,
17,㈜하버맥스,603-81-84360,2015,부산,
18,레이저닉스㈜,318-81-07539,2015,대덕,
19,㈜마이크로메디,654-81-00107,2015,대구,
20,㈜케이앤에스에너지,519-87-00145,2015,대구,
21,㈜옵텔라,572-81-00033,2015,광주,
22,바이오지이티㈜,705-87-00111,2015,대덕,
23,㈜와이텔포토닉스,409-81-77840,2015,광주,
24,㈜웰트리,305-86-11686,2015,대덕,
25,㈜에스엔케이,314-86-40190,2015,대덕,
26,㈜케이엔랩,585-86-00179,2015,강소(구미),강소
27,㈜아이서티,107-87-42618,2015,대덕,
28,㈜카이바이오텍,418-81-42520,2015,전북,
29,㈜에너지플래닛,554-86-00253,2015,광주,
30,㈜다온알에스,561-81-00047,2015,광주,
31,㈜씨투씨소재,846-88-00272,2015,대덕,
32,㈜데브스택,662-88-00295,2016,대덕,
33,한선에스티㈜,437-81-00287,2016,대덕,
34,내일테크놀로지,493-86-00166,2016,대덕,
35,㈜마리노비앤씨,617-86-01801,2016,부산,
36,㈜엠에스건설기술,221-87-00350,2016,광주,
37,㈜블루시스,314-86-13714,2016,대덕,
38,㈜아이오티융복합연구소,541-87-00399,2016,대덕,
39,퓨리파이테크노,765-88-00288,2016,광주,
40,㈜제이앤유글로벌,268-86-00221,2016,광주,
41,㈜희양,631-87-00315,2016,부산,
42,㈜이오엘,178-88-00280,2016,광주,
43,㈜하다,403-81-70868,2016,전북,
44,디케이바이오㈜,858-87-00400,2016,대덕,
45,㈜우민해양연구소,880-88-00404,2016,부산,
46,피씨오낙㈜,577-81-00493,2016,대구,
47,㈜그리다에너지,563-88-00377,2016,광주,
48,㈜이노피아,680-87-00466,2016,부산,
49,㈜하가,216-87-00547,2016,대구,
50,㈜켐트리,314-86-31328,2016,대덕,
51,㈜에코바이오의학연구소,314-86-46990,2016,대덕,
52,㈜나인비,397-87-00415,2016,대덕,
53,㈜리앤투네이쳐,728-88-00538,2016,대구,
54,㈜대신테크젠,515-81-47073,2016,대구,
55,㈜씨에스유,705-81-00045,2016,광주,
56,㈜나노와,645-87-00482,2016,부산,
57,한국엔디랩㈜,862-86-00421,2016,전북,
58,㈜네오시큐,120-87-79200,2016,대덕,
59,㈜워프솔루션,546-88-00329,2016,대구,
60,㈜바이오쓰리에스,372-87-00681,2016,광주,
61,㈜에머스,236-86-00485,2016,광주,
62,㈜엘에이치에이피,772-88-00520,2016,광주,
63,㈜지유솔루션,139-81-44232,2016,광주,
64,㈜태선에너지,483-81-00539,2016,광주,
65,㈜홀마,515-81-47452,2016,대구,
66,㈜쏠텍,353-88-00412,2016,대구,
67,㈜이레드,519-87-00539,2016,대구,
68,㈜엔비언트,550-87-00224,2016,대덕,
69,㈜팀제파,201-86-45657,2016,대덕,
70,㈜위드유,534-88-00501,2016,부산,
71,㈜이씨큐,663-88-00449,2016,대덕,
72,㈜유디엠,246-88-00341,2016,부산,
73,㈜앤트로스,543-81-00433,2017,대덕,
74,미르텍알앤디㈜,312-86-23405,2017,대덕,
75,㈜엠팩엔지니어링,759-81-00625,2017,대덕,
76,㈜지엔에스모바일언스,303-87-00536,2017,대구,
77,㈜로보스코리아,250-88-00490,2017,강소(포항),강소
78,베스트에너지㈜,609-86-18451,2017,부산,
79,㈜휴켐,124-87-02979,2017,강소(안산),강소
80,㈜피앤유드론,174-88-00503,2017,부산,
81,선바이오연구소㈜,223-88-00407,2017,부산,
82,현송콘트롤스㈜,330-87-00616,2017,부산,
83,㈜에너캠프,273-81-00475,2017,대구,
84,㈜제이콥코리아,135-86-23716,2017,대구,
85,㈜다온테크놀러지,714-86-00383,2017,대덕,
86,㈜네프,605-86-34615,2017,전북,
87,㈜가온우드,418-81-52334,2017,전북,
88,㈜지에스씨알오,468-86-00423,2017,전북,
89,㈜아이트릭스테크놀로지,433-87-00104,2017,대덕,
90,위플레이랩㈜,474-81-00646,2017,대덕,
91,㈜이노켐텍,314-86-48004,2017,대덕,
92,㈜피즐리소프트,781-86-00670,2017,대덕,
93,㈜에스엔비아,464-87-00506,2017,부산,
94,㈜스마트랩,198-81-00723,2017,부산,
95,㈜에이치온,402-86-04259,2017,전북,
96,㈜큐얼스,602-87-00675,2017,광주,
97,㈜팔복인더스트리,691-88-00406,2017,전북,
98,㈜에이에이치티,513-81-65885,2017,대구,
99,리녹스㈜,568-86-00650,2017,부산,
100,㈜네오나노텍,155-87-00368,2017,대덕,
101,㈜분자와 물질,713-86-00610,2017,대덕,
102,㈜디쏠,418-81-53269,2017,전북,
103,㈜씨비에이치,480-81-00340,2017,전북,
104,㈜휴메닉,284-88-00682,2017,대구,
105,㈜케이넷,109-86-27673,2017,대덕,
106,㈜맑은숲약초애,780-81-00269,2017,대구,
107,㈜천연스토리,726-88-00681,2017,광주,
108,㈜에이엠아이테크놀로지,539-88-00321,2017,대덕,
109,㈜한유메딕스,566-81-00756,2017,대구,
110,㈜스페이스매직,797-86-00582,2017,대덕,
111,㈜모만,172-87-00325,2017,강소(안산),강소
112,㈜에니에스,402-81-79769,2017,전북,
113,㈜나인랩스코리아,150-81-00925,2017,전북,
114,㈜라코스미,409-86-27423,2017,광주,
115,㈜워너버스이노베이션,643-81-00752,2017,강소(안산),강소
116,㈜엠텍정보기술,409-86-33871,2017,광주,
117,㈜아이디어스,408-86-02394,2017,광주,
118,㈜빵야랩,263-86-00847,2017,광주,
119,㈜마하테크,521-88-00771,2017,광주,
120,㈜아이제이엑스콤,236-81-00869,2017,부산,
121,농업회사법인 유한회사 우리들녘식품,190-87-00338,2017,전북,
122,㈜테라에코,216-86-00384,2017,전북,
123,㈜건설시스템융합기술원,195-87-00764,2017,대구,
124,㈜디케이에스에이치알디씨,448-81-00934,2017,대구,
125,㈜지엘,594-88-00745,2017,대구,
126,㈜이트라이언,183-87-00489,2017,대덕,
127,㈜엠티에프씨,364-88-00464,2017,강소(포항),강소
128,하이나노텍㈜,503-86-15286,2017,대구,
129,㈜디에이치유메디코스,373-86-00839,2017,대구,
130,유에이치에스㈜,606-86-54991,2017,부산,
131,㈜린치핀,651-87-00871,2017,부산,
132,㈜세타랩,682-88-00789,2017,부산,
133,㈜에스랩,426-87-00300,2017,부산,
134,㈜다윈테크,680-86-00396,2017,광주,
135,㈜비에스소프트,506-86-00929,2017,광주,
136,㈜인사이드글로벌,707-81-00809,2017,광주,
137,큐레스㈜,621-86-15610,2017,광주,
138,㈜피플러스,407-86-00812,2017,전북,
139,㈜휴벳,403-81-45544,2017,전북,
140,㈜코비스,252-87-00897,2017,광주,
141,㈜동이테크,261-81-26808,2017,광주,
142,㈜에디테크놀로지,797-88-00780,2017,광주,
143,㈜플러스랩,250-87-00945,2017,부산,
144,㈜하늬바람,843-86-00774,2017,대구,
145,㈜코리아비엔씨,777-86-00443,2018,대구,
146,㈜엔에스엠,147-87-00765,2018,대덕,
147,㈜유진바이오텍,127-86-54824,2018,대덕,
148,㈜와이엔디케이,373-88-00906,2018,대덕,
149,솔라시도코리아㈜,418-81-48072,2018,전북,
150,㈜와이테크,746-81-00575,2018,대덕,
151,㈜민트로봇,521-88-00465,2018,대덕,
152,㈜네모,146-86-01032,2018,대덕,
153,㈜지스코환경에너지연구소,816-87-00861,2018,대덕,
154,㈜세이프몬,759-86-00896,2018,부산,
155,㈜코아이,383-87-00717,2018,부산,
156,㈜지에이치이노텍,604-87-00690,2018,부산,
157,㈜동아코퍼레이션,299-81-00953,2018,부산,
158,㈜스타라이트,303-88-00265,2018,부산,
159,㈜이이알에스소프트,188-86-00075,2018,부산,
160,㈜단단광학,417-87-00965,2018,대덕,
161,㈜한스메카,524-81-00223,2018,대덕,
162,㈜시정,601-86-00597,2018,대덕,
163,㈜보노아이씨티,333-86-00414,2018,대덕,
164,㈜엘그린텍,482-88-00549,2018,대덕,
165,㈜단예,323-87-00748,2018,대구,
166,㈜디에스비연구소,295-87-00822,2018,부산,
167,㈜익투스지노믹스,226-88-00880,2018,대덕,
168,㈜이프랜트,440-86-00594,2018,대덕,
169,㈜메가랩,662-86-00933,2018,대덕,
170,㈜엘케이랩,754-87-00132,2018,대덕,
171,㈜케스트,850-81-00710,2018,대덕,
172,드라이스팀㈜,798-87-00016,2018,광주,
173,㈜이노핫,151-86-00544,2018,전북,
174,㈜쓰리제이,321-81-00420,2018,전북,
175,㈜지엔이앤엠,636-87-00848,2018,광주,
176,㈜다른코리아,598-88-00669,2018,대덕,
177,㈜모아바이오,338-81-00199,2018,강소(인천),강소
178,㈜파코웨어,692-81-00846,2018,대구,
179,㈜시큐웍스,499-86-00806,2018,대덕,
180,㈜엠지이노베이션,849-81-00739,2018,대덕,
181,㈜에이치티,418-88-00102,2018,대덕,
182,㈜컬처랩,569-86-00901,2018,광주,
183,㈜하이마,149-87-01154,2018,부산,
184,에쓰엠팹㈜,390-81-01008,2018,부산,
185,㈜스펄스엠텍,631-81-01025,2018,강소(군산),강소
186,㈜쉐마,894-81-00608,2018,대덕,
187,㈜이스쿠스,527-86-01094,2018,대덕,
188,㈜크럭셀,495-81-00527,2018,대덕,
189,㈜파인에스엔에스,314-86-22590,2018,대덕,
190,㈜티맥,246-81-00717,2018,대덕,
191,㈜라포터,166-88-00953,2018,대덕,
192,㈜위즈메탈,535-81-01256,2018,대덕,
193,㈜엘엠프렌즈,596-87-00443,2018,대덕,
194,㈜피코파운드리,674-86-00993,2018,대덕,
195,㈜씨에스텍,409-86-37498,2018,광주,
196,㈜보타닉센스,342-81-01033,2018,전북,
197,㈜씨앤아이토탈솔루션,508-86-00736,2018,강소(춘천),강소
198,㈜동이에너지,573-86-01189,2018,강소(나주),강소
199,㈜티에스테크,447-87-01169,2018,광주,
200,㈜아이지오,876-87-00878,2018,부산,
201,㈜엔디오에스,138-81-98701,2018,대구,
202, ㈜에스디테크,301-87-00791,2018,광주,
203,이와이어라이너㈜,137-86-53079,2018,전북,
204,㈜진안당연구소,791-86-01190,2018,전북,
205,텍스토리㈜,733-87-00284,2018,강소(청주),강소
206,㈜나르마,872-81-01117,2018,대덕,
207,㈜에스엘바이오,804-81-01021,2018,대구,
208,㈜이엠이에너지,116-81-77685,2018,대구,
209,㈜전진엠에스,390-88-00648,2018,부산,
210,㈜오투랩,444-88-01094,2018,부산,
211,㈜원테크랩,751-88-00988,2018,광주,
212,㈜드림트리,493-88-00331,2018,광주,
213,㈜에스비솔루션,447-81-01250,2018,강소(나주),강소
214,㈜에이스테크윈,497-88-00973,2018,대구,
215,㈜더원바이오,199-86-01074,2018,대구,
216,빈킨즈 농업회사법인㈜,331-87-01243,2018,대구,
217,㈜에이엘텍,756-87-01189,2018,대구,
218,㈜란스에이앤씨,713-88-01097,2018,전북,
219,㈜아이디어마을,417-88-01184,2018,전북,
220,㈜더센,312-86-62451,2018,대덕,
221,㈜와이비랩,652-81-01056,2019,대덕,
222,㈜브레인기어,180-81-01245,2019,대덕,
223,㈜알앤디웨어,104-86-60134,2019,대덕,
224,㈜한국디지털트윈연구소,632-81-01241,2019,대덕,
225,㈜유앤아이기술,512-88-00549,2019,대덕,
226,㈜우림테크,508-86-01147,2019,대구,
227,㈜에드테크,309-81-06860,2019,대구,
228,㈜와치포인트,391-87-00756,2019,광주,
229,㈜화정,775-88-00062,2019,부산,
230,㈜유랩,147-86-01414,2019,전북,
231,하워드랩㈜,498-87-01250,2019,강소(청주),강소
232,엘지바이오㈜,483-81-00451,2019,강소(천안아산),강소
233,㈜쉬즈엠,282-87-01164,2019,부산,
234,유건해운㈜,105-88-15941,2019,부산,
235,㈜일링크스,512-81-24902,2019,부산,
236,㈜디마인,769-88-01009,2019,부산,
237,㈜에이알티,731-87-01308,2019,대덕,
238,㈜써카디언,837-86-01216,2019,대덕,
239,제노테크㈜,409-86-29358,2019,광주,
240,㈜브레이크더룰스,854-86-01225,2019,광주,
241,㈜솔빅테크,145-81-01280,2019,광주,
242,웰젯㈜,315-87-01125,2019,강소(나주),강소
243,㈜헬스메드,364-87-01170,2019,광주,
244,㈜디비티,835-87-01065,2019,광주,
245,㈜웰트,711-81-01317,2019,광주,
246,㈜엠에스엘,423-87-00640,2019,대덕,
247,세종솔루텍㈜,812-88-01128,2019,대덕,
248,㈜플레이서,831-81-01213,2019,대덕,
249,㈜더이지스이엔지,274-86-00997,2019,대덕,
250,한국에너지솔루션㈜,265-86-01255,2019,대덕,
251,㈜아이티알,795-88-01347,2019,대덕,
252,㈜에스티엔,556-87-00542,2019,강소(나주),강소
253,㈜엠씨케이테크,809-86-00809,2019,대덕,
254,㈜케이쓰리디피,813-86-01258,2019,광주,
255,㈜퓨전바이오텍,520-88-01078,2019,강소(울주),강소
256,㈜올케어러블,683-81-01332,2019,대덕,
257,㈜아이피트,591-87-01132,2019,대덕,
258,㈜오미라클,502-86-40822,2019,전북,
259,국민바이오㈜,717-86-01208,2019,전북,
260,㈜에스엠전자,765-81-00824,2019,전북,
261,㈜가교테크,806-88-00177,2019,부산,
262,유카네트웍스㈜,747-87-01318,2019,부산,
263,하이젠파워㈜,443-87-01279,2019,대구,
264,㈜인피닉스,362-87-01285,2019,대구,
265,㈜에이치지솔루션,507-86-00825,2019,전북,
266,㈜벡서,597-86-01491,2019,전북,
267,㈜사이루스,453-88-01268,2019,강소(포항),강소
268,㈜세명에프앤브이,622-88-01258,2019,부산,
269,㈜가코마린솔루션,160-88-01046,2019,대덕,
270,디엔이㈜,456-87-00766,2019,대덕,
271,㈜아스트론,367-86-01473,2019,대덕,
272,㈜디엔,319-86-00892,2019,전북,
273,정헌이씨씨㈜,852-86-00443,2019,전북,
274,㈜알티큐어,548-87-00954,2019,대덕,
275,엘아이전선㈜,319-81-01367,2019,대덕,
276,㈜쏠그리드,438-81-01810,2019,대덕,
277,㈜아크,579-81-01125,2019,부산,
278,㈜에스엔제이솔루션,623-88-00174,2019,광주,
279,㈜케이워터크레프트,515-86-01470,2019,부산,
280,㈜아이큐랩(EYEQLAB.INC),264-86-01096,2019,강소(안산),강소
281,㈜지유오투,221-88-00207,2019,강소(춘천),강소
282,㈜이오스,673-81-00957,2019,광주,
283,㈜크린젠,226-86-01338,2019,강소(안산),강소
284,㈜인디셀바이오,740-88-01430,2019,전북,
285,㈜한양솔라에너지,460-86-01355,2019,강소(군산),강소
286,㈜국민생활건강,216-81-48699,2019,전북,
287,㈜카이테크,418-81-27330,2019,전북,
288,㈜디에스테크놀러지,852-81-01466,2019,대구,
289,㈜아이피에스오토,504-86-19174,2019,대구,
290,드리블㈜,847-81-01071,2019,대덕,
291,㈜유니버셜머티리얼코퍼레이션,375-81-01144,2019,강소(안산),강소
292,㈜펀아트,696-88-01297,2019,대덕,
293,㈜옵토마린,409-86-25309,2019,광주,
294,㈜모메드솔루션,409-86-15913,2019,광주,
295,㈜티케이,167-86-01475,2019,광주,
296,㈜스카이솔루션,417-86-01458,2019,강소(나주),강소
297,(유)세레스,413-87-01036,2019,광주,
298,브이케이프론티어㈜,810-86-00662,2019,광주,
299,㈜포비드림,773-81-00179,2019,광주,
300,㈜서지텍,268-81-01851,2019,대덕,
301,㈜세종강우,458-86-01691,2019,대덕,
302,㈜워터제네시스,619-87-01503,2019,대덕,
303,㈜아디아랩,464-81-01522,2019,부산,
304,㈜프로젠,392-86-00621,2019,부산,
305,㈜뷰트리,590-87-01648,2019,부산,
306,제론바이오텍,339-87-01311,2019,대덕,
307,슈어데이터랩,168-88-01545,2019,대덕,
308,무티,178-88-01580,2019,대덕,
309,어반데이터랩,864-86-01386,2019,대덕,
310,이노레이,420-88-01614,2019,대덕,
311,인튜웍스,583-87-01316,2019,대덕,
312,세이가,318-81-07771,2019,대덕,
313,씨앰지,778-87-01398,2019,대덕,
314,㈜나인원코스메디,133-81-44874,2019,광주,
315,㈜굿아키브,755-87-01570,2019,강소(천안아산),강소
316,㈜다담팜테크,128-88-01571,2019,광주,
317,㈜소프트웨어융합연구소,758-87-00323,2019,광주,
318,㈜인바이러스테크,617-86-28488,2019,광주,
319,㈜라라랩스,154-88-01662,2019,광주,
320,㈜아이테크,364-86-01135,2019,광주,
321,㈜대경엔지니어링,241-81-01313,2019,대구,
322,㈜매니아테크,878-87-01382,2019,강소(진주),강소
323,㈜나투리아글로벌,318-87-01366,2019,대구,
324,㈜엠제이블루밍알앤디,605-86-35083,2019,전북,
325,㈜홈랜드솔루션,546-81-01746,2019,전북,
326,㈜반석기술융합,772-86-00749,2019,전북,
327,㈜더케이에스바이오,515-86-01728,2019,전북,
328,㈜휴바,774-86-01026,2019,대덕,
329,㈜바이오파머,268-88-01582,2019,강소(포항),강소
330,㈜리스트벤처,358-88-00815,2019,강소(포항),강소
331,㈜아이언박스,842-87-01379,2019,강소(포항),강소
332,네스트필드㈜,134-86-86872,2019,강소(안산),강소
333,에스이피㈜,323-87-01505,2020,광주,
334,㈜기술융합,161-81-01638,2020,대덕,
335,㈜이노브바이오,294-86-01743,2020,대덕,
336,㈜케이프로텍,624-88-01098,2020,대덕,
337,㈜트로닉스,408-86-07517,2020,광주,
338,㈜위드텍,584-81-01525,2020,대구,
339,㈜윈드큐브,723-86-01542,2020,대구,
340,㈜디에스,540-88-01131,2020,부산,
341,㈜피엔유에드,711-87-01677,2020,부산,
342,㈜에어랩,551-87-01283,2020,부산,
343,㈜로고스웨어,467-87-00693,2020,부산,
344,㈜수퍼제닉스,198-81-01208,2020,강소(창원),강소
345,㈜에이엔에이치시스템즈,244-86-01563,2020,강소(진주),강소
346,㈜반디아이씨티,362-81-00265,2020,광주,
347,㈜플랜제로랩,774-88-01243,2020,광주,
348,㈜지움,848-88-01845,2020,대덕,
349,㈜엘케이텍,744-88-01408,2020,광주,
350,한국전력정보㈜,842-81-01038,2020,대덕,
351,싸이파마㈜,599-86-01589,2020,대덕,
352,㈜딥인스펙션,806-81-00125,2020,대덕,
353,엔스펙트라㈜,887-81-01176,2020,대덕,
354,㈜아고스비전,195-86-01790,2020,대덕,
355,㈜에이아이솔루션,854-81-01370,2020,대덕,
356,㈜디아트,567-87-01712,2020,대구,
357,㈜진성하이테크,583-81-01575,2020,대구,
358,㈜델코,259-88-01439,2020,부산,
359,한국해양생태블록㈜,612-87-01725,2020,부산,
360,한국미세먼지연구소㈜,518-81-01381,2020,부산,
361,㈜위로우,793-88-01827,2020,부산,
362,㈜아이이에스,339-86-01954,2020,부산,
363,㈜유비콤,301-86-06181,2020,강소(청주),강소
364,㈜테라셀바이오앤사이언스,561-87-00433,2020,강소(청주),강소
365,㈜웰그린,301-86-28846,2020,강소(청주),강소
366,㈜마린앤,819-81-01756,2020,강소(안산),강소
367,㈜기웅,653-86-01525,2020,강소(김해),강소
368,㈜메디칼솔루션시스템,427-81-01635,2020,강소(김해),강소
369,㈜케이알메디,422-88-00019,2020,강소(김해),강소
370,㈜인테그로,659-87-00439,2020,강소(김해),강소
371,㈜영운글로벌,728-87-01597,2020,강소(김해),강소
372,㈜코스바이오,714-88-01576,2020,강소(김해),강소
373,㈜자비스옵틱스,746-87-01159,2020,강소(포항),강소
374,굿세라㈜,358-86-01921,2020,강소(진주),강소
375,㈜케이엑스티,782-87-01683,2020,강소(진주),강소
376,㈜나노에코,666-81-01318,2020,강소(창원),강소
377,㈜마그네틱파워트레인,495-86-01934,2020,강소(창원),강소
378,㈜이플로우,597-81-00560,2020,강소(창원),강소
379,㈜맥스파이더,391-86-00991,2020,부산,
380,㈜에브리유즈,751-81-01936,2020,강소(포항),강소
381,㈜헥트,409-88-00767,2020,강소(포항),강소
382,㈜비긴스,398-86-01142,2020,전북,
383,㈜네오위브,357-88-00898,2020,강소(창원),강소
384,㈜이노컨,223-86-01192,2020,전북,
385,㈜타이탄,530-88-01186,2020,전북,
386,㈜워터블,651-81-01539,2020,전북,
387,㈜유원푸드텍,452-81-01698,2020,전북,
388,㈜플로다,645-87-01860,2020,대덕,
389,㈜헤즈테크,448-88-00608,2020,전북,
390,㈜더나은세상을만드는기술,639-87-01429,2020,전북,
391,㈜제네시스디지털코리아,550-88-00444,2020,전북,
392,㈜판옵티콘,286-86-01397,2020,전북,
393,㈜에스디케이랩,777-86-01705,2020,강소(인천),강소
394,에스아이테크㈜,545-81-01419,2020,대구,
395,㈜제이슨랩,661-88-01587,2020,대구,
396,우드빌더스㈜,630-81-00886,2020,대덕,
397,㈜디알랩,671-87-01724,2020,대덕,
398,㈜어반에이핏,423-88-01307,2020,대덕,
399,㈜네스포유,340-81-01570,2020,대덕,
400,㈜코코리색채연구소,383-86-01169,2020,대덕,
401,스템엑소원㈜,247-88-01737,2020,대덕,
402,㈜휴로,831-81-01794,2020,전북,
403,㈜씨앤비컴퍼니,450-86-01644,2020,전북,
404,㈜엘텍신소재,418-81-51183,2020,전북,
405,코넥트㈜ ,587-81-00210,2020,강소(청주),강소
406,㈜바이오나노코리아,317-88-01507,2020,강소(안산),강소
407,㈜바이오액츠비엠엔에스,898-86-01754,2020,강소(김해),강소
408,원큐어젠㈜ ,165-87-01568,2020,대덕,
409,㈜티제이에어로시스템즈,722-86-01985,2020,강소(진주),강소
410,㈜라이브워크,665-88-01764,2020,강소(진주),강소
411,㈜복합재자동화기술,203-81-66954,2020,강소(진주),강소
412,㈜엠에이치바이오,689-87-01744,2020,강소(진주),강소
413,㈜이쉘터,121-86-42349,2020,강소(진주),강소
414,㈜소프트윙스,595-87-01906,2020,강소(진주),강소
415,㈜아미티,225-81-28815,2020,강소(진주),강소
416,㈜플러스에이씨티,196-87-01183,2020,강소(진주),강소
417,㈜벳텍,870-87-01618,2020,강소(진주),강소
418,㈜토탈웰니스,321-88-01898,2020,강소(김해),강소
419,㈜애니온,363-88-01553,2020,강소(포항),강소
420,㈜오픈시큐리티,202-86-01012,2020,강소(안산),강소
421,㈜엠에스케이테크,154-88-02069,2020,강소(안산),강소
422,㈜허브스테이트,426-87-01804,2020,강소(안산),강소
423,㈜이투바이오,275-87-01680,2020,강소(청주),강소
424,㈜에이브이지니어스,581-86-01609,2020,강소(청주),강소
425,팜커넥트㈜,139-88-01284,2020,대덕,
426,㈜피앤더블유시티,107-88-43138,2020,대구,
427,㈜뷰,632-81-00806,2020,대구,
428,㈜라온힐,205-81-43243,2020,광주,
429,㈜현서테크,865-87-01921,2020,광주,
430,㈜홀그린나노,674-88-01074,2020,전북,
431,㈜언택트랩,614-88-01581,2020,전북,
432,㈜엑소캘리버,230-86-02184,2020,광주,
433,㈜지아이랩,595-81-01904,2020,광주,
434,㈜코리아모빌리티,863-88-01693,2020,광주,
435,㈜엘텍,691-81-01895,2020,광주,
436,㈜라라잇츠,276-87-01704,2020,부산,
437,㈜바이오테크서비스,444-81-01867,2020,부산,
438,㈜다원화학,514-86-01628,2020,강소(포항),강소
439,㈜에코테크윈,204-88-01837,2020,강소(포항),강소
440,㈜아이엠엠글로벌,216-88-01956,2020,대구,
441,㈜창의공간,514-81-63819,2020,대구,
442,㈜제이디랩,426-81-02062,2020,대구,
443,㈜서지오젠,722-87-01736,2020,대구,
444,㈜신우첨단소재,511-81-26493,2020,대구,
445,㈜보다,678-86-01859,2020,전북,
446,㈜보다비,223-87-01729,2020,강소(청주),강소
447,㈜아토큐앤에이,402-81-94926,2020,전북,
448,농업회사법인 ㈜네이처앤리치,431-87-01766,2020,대구,
449,㈜비에프씨씨,771-88-01943,2020,부산,
450,㈜소울닷,364-87-01864,2020,부산,
451,㈜디에이치오션,513-86-00854,2020,부산,
452,㈜엔팩에스앤지,454-88-01941,2020,부산,
453,㈜파티오,731-81-01247,2020,부산,
454,㈜콤스,763-86-02122,2020,부산,
455,㈜기림,612-87-01142,2020,대덕,
456,㈜지노케미칼,235-86-01841,2020,대덕,
457,㈜아이뉴옵틱스,520-87-01974,2020,대덕,
458,㈜블룸어스,757-81-02059,2020,대덕,
459,㈜티비케이푸드,410-87-10647,2020,강소(춘천),강소
460,㈜아쿠아바이오텍,333-86-00812,2020,강소(천안아산),강소
461,㈜오네이로스,411-88-01982,2020,대덕,
462,㈜정가농산,716-86-01957,2020,대덕,
463,㈜제이제이엔에스,896-86-01821,2020,대덕,
464,㈜에이콘아이앤씨,723-87-01423,2020,대덕,
465,㈜위드마인드,794-87-00687,2020,부산,
466,㈜이앤디,665-81-01839,2020,대덕,
467,㈜메그노시스,461-88-01594,2020,대덕,
468,㈜메디케어텍,247-81-02149,2021,강소(홍릉),강소
469,마이오텍사이언스㈜(Myo-Tec Science Inc.),865-81-01555,2021,강소(홍릉),강소
470,㈜디인사이트,296-87-02051,2021,강소(창원),강소
471,㈜리아씨엔에프,356-86-01401,2021,강소(김해),강소
472,㈜디아이씨연구소,191-87-01932,2021,강소(김해),강소
473,㈜디디미,310-86-02189,2021,강소(김해),강소
474,㈜에콤환경,478-86-02054,2021,강소(포항),강소
475,㈜토브앤바나,201-86-46262,2021,강소(포항),강소
476,㈜다이아텍,808-86-01810,2021,강소(김해),강소
477,㈜세이브짚,103-88-01892,2021,강소(김해),강소
478,㈜유메드,519-88-01909,2021,강소(김해),강소
479,㈜이레이,180-87-01742,2021,강소(창원),강소
480,㈜에드벡트티앤아이,389-86-02093,2021,부산,
481,㈜몰팩바이오,463-86-01295,2021,대덕,
482,유디포엠㈜,261-81-14262,2021,대덕,
483,㈜트렌토시스템즈,686-87-01876,2021,대덕,
484,㈜인투스페이스,308-88-01949,2021,대덕,
485,에이치앤비지노믹스㈜,773-87-01108,2021,강소(울주),강소
486,㈜지구루,218-88-02043,2021,강소(나주),강소
487,㈜아이비디,756-81-01926,2021,광주,
488, 제이알제이㈜,179-81-02088,2021,광주,
489,㈜지유,181-81-02169,2021,강소(창원),강소
490,㈜메디워커,805-88-01080,2021,강소(김해),강소
491,크로스바이오연구소㈜,375-87-01957,2021,강소(김해),강소
492,㈜펄스락,137-87-01850,2021,강소(창원),강소
493,㈜로아이젠,644-88-01224,2021,강소(홍릉),강소
494,㈜바이오소닉스,579-86-01800,2021,강소(홍릉),강소
495,㈜카본엑트,774-87-00795,2021,전북,
496,㈜바이오드,416-86-03716,2021,전북,
497,㈜앤에프아이,744-81-01898,2021,전북,
498,㈜온고,569-81-01278,2021,전북,
499,㈜에쓰에쓰바이오,572-87-02052,2021,광주,
500,㈜휴엔씨네이쳐,695-87-01910,2021,강소(김해),강소
501,㈜비놀로지,489-87-01770,2021,대덕,
502,㈜엑세스워터,838-81-02080,2021,대구,
503,㈜엠에프에스티,686-88-01999,2021,대구,
504,㈜네오스텍,166-88-00803,2021,강소(인천),강소
505,㈜휴먼피트니스랩,576-81-01811,2021,전북,
506,㈜라비,777-88-02066,2021,전북,
507,㈜도시농부,116-81-95816,2021,전북,
508,㈜클리어창,326-86-01579,2021,전북,
509,㈜조윤산업,269-81-01738,2021,부산,
510,농업회사법인 태양스피루리나㈜,382-86-02054,2021,부산,
511,㈜힘테크,619-87-00824,2021,부산,
512,㈜젠커스,326-81-01900,2021,강소(창원),강소
513, ㈜브이에이엠,614-88-01752,2021,강소(창원),강소
514, ㈜로보틱박스,781-88-01784,2021,강소(창원),강소
515,㈜디엔에이모티브,581-81-01638,2021,강소(군산),강소
516, ㈜한국에너지데이터,601-87-02175,2021,강소(나주),강소
517,단디큐어㈜,787-81-02079,2021,강소(청주),강소
518,㈜랩인큐브,461-87-01812,2021,강소(청주),강소
519,㈜셀렉스,326-86-02199,2021,강소(청주),강소
520,㈜엠엠아이티,882-88-01980,2021,강소(천안아산),강소
521,㈜아트센서,377-81-01984,2021,강소(천안아산),강소
522,럼버원랩스㈜,150-86-02097,2021,대덕,
523,㈜에코샤인,810-87-01955,2021,대덕,
524,㈜에핏,237-86-02074,2021,대덕,
525,㈜인투와이즈,271-88-01986,2021,대덕,
526,㈜더데움,266-81-02169,2021,전북,
527,㈜케이셀,191-88-00361,2021,전북,
528,㈜모스터일렉,476-86-01248,2021,전북,
529,(유)씨앤투영,733-86-00332,2021,전북,
530,㈜덕진신소재,563-88-02069,2021,전북,
531,㈜밥스씨앤아이,480-88-02099,2021,전북,
532,㈜이온바이오,775-86-01000,2021,전북,
533,㈜어썸피플,479-81-02071,2021,전북,
534,㈜전주문,288-86-01355,2021,전북,
535,㈜에코탄소,482-87-01667,2021,전북,
536,㈜메디텍디앤디,372-86-02232,2021,대구,
537,㈜이스트바이오,580-86-02172,2021,대구,
538,㈜얼리고,508-88-01893,2021,대구,
539,㈜지에이치랩,605-86-36215,2021,강소(김해),강소
540,㈜엔스퀘어,621-88-01459,2021,강소(진주),강소
541,㈜크라이오텍,574-88-02069,2021,부산,
542,㈜헬스텍,149-81-02068,2021,강소(천안아산),강소
543,㈜에이엔비,768-81-02364,2021,대덕,
544,아이알스펙트라㈜,366-81-02149,2021,대덕,
545,㈜네오에너지커넥터,266-81-02441,2021,대덕,
546,㈜휘게로,889-86-01987,2021,강소(진주),강소
547,㈜대한소재,424-86-02038,2021,강소(진주),강소
548,㈜아이팜,444-87-02475,2021,강소(구미),강소
549,㈜닐사이언스,740-86-01775,2021,강소(나주),강소
550,두이엔지㈜,640-87-01832,2021,강소(군산),강소
551,㈜올드브릭스테이션,131-87-02152,2021,강소(군산),강소
552,㈜이쓰리,133-81-45456,2021,강소(군산),강소
553,㈜지에스동우,378-87-01918,2021,강소(군산),강소
554,㈜리리,510-88-02236,2021,강소(울주),강소
555,㈜제이랩스,353-87-02131,2021,대구,
556,㈜세명시스템,377-88-01829,2021,대구,
557,㈜네오켄바이오,199-81-02331,2021,강소(홍릉),강소
558,㈜크리모,128-88-00892,2021,강소(홍릉),강소
559,㈜지에이치팜,890-86-00542,2021,강소(홍릉),강소
560,㈜엔도로보틱스,878-81-01250,2021,강소(홍릉),강소
561,㈜씨엔피솔루션즈,379-86-00837,2021,강소(홍릉),강소
562,케이스템바이오㈜,611-88-02145,2021,강소(진주),강소
563,㈜한국해양엘앤지기술,408-88-01875,2021,부산,
564,㈜센다코리아,586-88-01215,2021,부산,
565,테스원㈜,577-87-02042,2021,부산,
566,㈜알엔에이팜,324-81-02335,2021,대덕,
567,㈜굿터치,175-86-02188,2021,강소(울주),강소
568,㈜파솔신소재,160-86-02191,2021,강소(포항),강소
569,㈜트리오엘,734-88-02109,2021,광주,
570,㈜나눔바이오,245-88-01686,2021,광주,
571,㈜인터로드,259-87-01640,2021,대구,
572,㈜이에프생활과학연구소,449-87-02349,2021,대구,
573,㈜실크로,402-81-99367,2021,전북,
574,㈜더함바이오,830-81-01923,2021,전북,
575,㈜풀네트웍스,381-87-02475,2021,강소(춘천),강소
576,㈜리클레어,867-86-02346,2021,대구,
577,㈜와이유네트웍스,612-81-54633,2021,대구,
578,㈜에이치디이,455-88-02375,2021,대구,
579,㈜펀테이블,404-86-02408,2021,강소(구미),강소
580,㈜선진이엔텍,899-81-02300,2021,부산,
581,㈜헤븐바이오,512-81-25823,2021,강소(청주),강소
582,㈜이코모스,851-81-00014,2021,강소(안산),강소
583,㈜연,121-86-42000,2021,강소(안산),강소
584,㈜엑스모빌리티,414-81-08156,2021,강소(천안아산),강소
585,티와이테크㈜,563-87-02121,2021,강소(천안아산),강소
586,㈜진이어스,170-87-01099,2021,강소(천안아산),강소
587,㈜큐어버스,318-87-02481,2021,강소(홍릉),강소
588,에이엔엠㈜,303-86-02051,2021,강소(진주),강소
589,㈜에코프랜들리,495-87-02376,2021,광주,
590,㈜디엑스솔루션즈,555-87-01892,2021,강소(창원),강소
591,㈜제이스퀘어,557-86-02172,2021,강소(창원),강소
592,㈜뉴트리쎌,571-81-02343,2021,전북,
593,㈜닥터케이헬스케어,713-81-02307,2021,광주,
594,㈜린케어,145-86-02421,2021,강소(안산),강소
595,사이언스세이프티㈜,454-81-02558,2021,강소(청주),강소
596,㈜소울머티리얼,452-81-02469,2021,대구,
597,㈜아이카스,623-81-02547,2021,대구,
598,㈜라베니아,883-86-02445,2021,대구,
599,㈜파킹고,372-81-01179,2021,대덕,
600,㈜쉐어박스,434-86-00212,2021,대덕,
601,㈜오빌바이오,554-87-02108,2021,대덕,
602,㈜이스타드,370-88-01527,2021,대덕,
603,㈜오토웰즈,462-88-01791,2021,광주,
604,㈜서브뮬레드,536-81-02016,2021,광주,
605,에스에이치앤㈜,569-81-02471,2021,광주,
606,케이엠유키즈파크개발㈜,279-86-01856,2021,광주,
607,㈜인스팜텍,115-86-02361,2021,강소(춘천),강소
608,㈜누크랩,167-81-02519,2021,광주,
609,㈜싸이오,361-88-01576,2021,강소(포항),강소
610,㈜지엔씨솔루션,842-87-00972,2021,강소(포항),강소
611,㈜비루트랩,419-88-01614,2021,부산,
612,㈜인투스,340-87-02343,2021,강소(포항),강소
613,한국탄소농업연구소㈜,746-86-02068,2021,강소(진주),강소
614,㈜제이엔이웍스,802-88-01359,2021,강소(창원),강소
615,아이문헬스케어㈜,278-81-02099,2021,부산,
616,㈜인바이즈,695-86-02474,2021,부산,
617,㈜에코미네랄,649-88-02140,2021,부산,
618,농업회사법인㈜다우팜,836-86-02361,2021,부산,
619,㈜에코볼타,646-87-02329,2021,부산,
620,코미드㈜,458-88-02506,2021,부산,
621,대현솔루션㈜,686-86-02219,2021,강소(울주),강소
622,㈜비피시스템,454-88-02163,2021,강소(나주),강소
623,㈜에이엠,372-81-02237,2021,강소(울주),강소
624,㈜마켓오브메테리얼,435-86-01645,2021,강소(울주),강소
625,㈜엘에스씨,842-81-02473,2021,강소(구미),강소
626,㈜와이에이치엘랩,830-81-02107,2021,강소(구미),강소
627,㈜아이심케어,478-81-02189,2021,강소(구미),강소
628,㈜에스크랩스,560-81-02187,2021,대덕,
629,㈜살루스마린시스템즈,140-86-02125,2021,대덕,
630,길재소프트㈜,802-86-00017,2021,대덕,
631,㈜에니바이오,382-87-02046,2021,대덕,
632,㈜케이알에너지솔루션,829-87-02211,2021,대덕,
633,인스젠㈜,278-86-02129,2021,대덕,
634,㈜네이처사이언스,384-86-02517,2022,강소(홍릉),강소
635,㈜옵티플,115-88-02327,2022,대덕,
636,에스엔피랩㈜,629-86-02370,2022,강소(청주),강소
637,㈜이상기술,144-86-01676,2022,강소(청주),강소
638,㈜더블유피,784-81-02217,2022,강소(천안아산),강소
639,㈜메디엔진,668-86-02074,2022,강소(홍릉),강소
640,㈜레디큐어,767-87-02024,2022,강소(홍릉),강소
641,㈜엔프로,698-88-02157,2022,강소(홍릉),강소
642,㈜지오니어,624-86-02579,2022,강소(청주),강소
643,㈜케이에스씨,334-81-01099,2022,강소(청주),강소
644,㈜제이티엠씨앤에이치,317-81-49216,2022,강소(김해),강소
645,㈜브이알팩토리,748-88-02317,2022,강소(울주),강소
646,㈜코끼리랩, 543-86-02213,2022,강소(울주),강소
647,㈜포로어스,489-81-02350,2022,부산,
648,㈜인터퓨즈,631-81-02645,2022,부산,
649,㈜글로브웨이브,741-87-02551,2022,부산,
650,㈜리벌스팩토리,798-88-01652,2022,부산,
651,㈜애드아임,248-87-02300,2022,전북,
652,(유)다올위즈,510-88-02328,2022,전북,
653,㈜케이제이테크,117-86-02071,2022,전북,
654,㈜케이바이오,666-86-01875,2022,전북,
655,㈜플랫폼앤,133-86-02563,2022,대덕,
656,㈜요기핀,356-88-01860,2022,대덕,
657,㈜레이저앤그래핀,609-86-27173,2022,대덕,
658,㈜광바이오,529-81-02357,2022,대덕,
659,지니에듀테크㈜,528-88-00923,2022,부산,
660,바론코리아㈜,530-81-00908,2022,강소(울주),강소
661,㈜투비디티엑스,139-87-02160,2022,강소(홍릉),강소
662,㈜알트메디칼,208-81-30989,2022,강소(홍릉),강소
663,㈜옵트에이아이,194-87-02191,2022,강소(청주),강소
664,㈜글로잇,143-86-02158,2022,강소(안산),강소
665,㈜에어크린,650-86-02108,2022,강소(안산),강소
666,㈜씨티비젼,618-88-02355,2022,강소(천안아산),강소
667,㈜더블스퀘어,342-81-02430,2022,강소(천안아산),강소
668,㈜만곡,410-87-04636,2022,광주,
669,에이아이시스㈜,210-81-80181,2022,강소(인천),강소
670,㈜아이콘랩,281-86-02353,2022,대구,
671,㈜에이치디알앤비디,845-88-02388,2022,대구,
672,㈜알피지랩,498-81-02505,2022,대덕,
673,㈜맥텍,208-86-01887,2022,대덕,
674,㈜씨앤캠,871-86-02350,2022,대덕,
675,㈜주영오토모티브,755-81-02320,2022,강소(군산),강소
676,㈜엠이티,131-87-02415,2022,강소(구미),강소
677,㈜하이체인,655-81-02452,2022,강소(군산),강소
678,㈜원메이드,768-87-02177,2022,강소(울주),강소
679,㈜디지케어,546-87-01957,2022,강소(김해),강소
680,㈜스카이메디텍,290-81-02411,2022,강소(김해),강소
681,코리아모빌리티㈜,428-88-01321,2022,강소(김해),강소
682,㈜라온솔루션,248-86-02434,2022,강소(진주),강소
683,㈜플러스,561-87-01994,2022,강소(진주),강소
684,㈜디자인인텔리전스랩,478-88-02077,2022,강소(포항),강소
685,㈜대디푸드,826-88-00263,2022,강소(구미),강소
686,(유)오엔엠코리아, 203-86-01709,2022,전북,
687,㈜디지털케어,440-88-02223,2022,전북,
688,㈜로컬메타,826-88-02257,2022,전북,
689,㈜다이나믹인더스트리,279-87-02022,2022,전북,
690,㈜바이오빌리지,154-86-02352,2022,전북,
691,㈜엠비솔라텍,195-81-02493,2022,강소(천안아산),강소
692,㈜한맥에너지솔루션,643-88-02313,2022,강소(천안아산),강소
693,㈜아이씨유테크,563-87-01549,2022,강소(천안아산),강소
694,㈜에이로봇,854-88-00929,2022,강소(안산),강소
695,㈜에스비에너지,748-88-02471,2022,강소(안산),강소
696,㈜스태커스,425-88-02035,2022,강소(안산),강소
697,㈜대원오토메드,607-86-21213,2022,강소(구미),강소
698,㈜지에이치에스,630-81-02604,2022,강소(구미),강소
699,㈜아이엠에르텍,796-88-02131,2022,강소(창원),강소
700,㈜휴엠,603-88-01131,2022,대덕,
701,㈜씨엠피,597-87-02139,2022,대덕,
702,㈜티클기술,269-81-02265,2022,전북,
703,㈜와이팩토리,266-81-02932,2022,전북,
704,㈜메타페르소나랩,637-87-02397,2022,전북,
705,㈜포인트버스,284-86-02478,2022,전북,
706,㈜헥스타일,685-88-02113,2022,전북,
707,㈜식중독실험기자재개발연구소,853-88-02337,2022,전북,
708,커서스바이오㈜,181-81-02382,2022,전북,
709,㈜티인테크놀로지,808-88-02337,2022,전북,
710,㈜클린원시스템,655-88-02316,2022,대덕,
711,㈜에이아이젬,367-81-02574,2022,광주,
712,㈜메타브레인,886-86-02672,2022,광주,
713,㈜티앤씨홀딩스,666-87-02546,2022,대덕,
714,로이다㈜,881-81-02444,2022,대덕,
715,㈜펫온코케어,833-87-02165,2022,대덕,
716,㈜그린방사선,323-87-02334,2022,대덕,
717,㈜트윈위즈,624-87-02241,2022,강소(창원),강소
718,㈜웰니스,219-86-02644,2022,강소(구미),강소
719,케이디바이오㈜,492-87-02168,2022,강소(홍릉),강소
720,㈜바이옴에이츠,857-87-02647,2022,강소(홍릉),강소
721,㈜미래융합기술연구소,733-88-01937,2022,강소(나주),강소
722,㈜제이메디진,158-87-02803,2022,대덕,
723,㈜위코미,753-88-02551,2022,대덕,
724,㈜베누펫,424-87-02689,2022,대덕,
725,㈜환경과에너지,235-87-02696,2022,대덕,
726,㈜가이온,204-86-02491,2022,대덕,
727,㈜블루타일랩,464-87-00302,2022,대덕,
728,㈜에이이에스텍,503-87-02551,2022,대덕,
729,㈜코에볼루션,818-87-02564,2022,강소(김해),강소
730,㈜나인플러스,779-86-02433,2022,강소(김해),강소
731,㈜이지스에이엠,781-81-02407,2022,강소(구미),강소
732,㈜유알아이,882-81-02277,2022,강소(구미),강소
733,㈜골든크로우,450-87-02354,2022,강소(구미),강소
734,㈜에스앤이솔루션스,627-86-02559,2022,강소(구미),강소
735,㈜위드인넷,639-87-01545,2022,강소(울주),강소
736,㈜디케이머트리얼즈,893-86-01517,2022,강소(울주),강소
737,㈜브이에프엑스코리아,363-86-02709,2022,강소(울주),강소
738,㈜센서위드유,794-87-01255,2022,강소(울주),강소
739,㈜에코모션,571-88-02172,2022,강소(나주),강소
740,렉스이노베이션㈜,142-81-86179,2022,강소(나주),강소
741,㈜에어테르,577-87-02533,2022,대덕,
742,㈜더인텍트,373-81-02507,2022,광주,
743,㈜에스에이치알엔디,183-81-02127,2022,광주,
744,㈜허브콘,375-87-01485,2022,강소(천안아산),강소
745,㈜마인즈텍,899-86-01529,2022,강소(홍릉),강소
746,㈜퓨어켐,535-81-02691,2022,강소(춘천),강소
747,㈜선진제약,646-86-02598,2022,강소(홍릉),강소
748,㈜메손플러스,289-81-02522,2022,부산,
749,㈜엘바이오,388-88-02186,2022,부산,
750,㈜디엔씨,665-86-02513,2022,대구,
751,농업회사법인㈜케이빈스,677-88-02164,2022,대구,
752,㈜민경,432-88-02668,2022,대구,
753,㈜에이씨이,158-86-01262,2022,대구,
754,㈜엠지아이포밍랩,877-81-02940,2022,강소(울주),강소
755,맥시멈코퍼레이션㈜,407-88-01246,2022,강소(진주),강소
756,㈜라제스트,460-81-02591,2022,강소(구미),강소
757,㈜아이제스트,347-81-00378,2022,강소(포항),강소
758,㈜케이씨엠씨,101-88-01294,2022,강소(춘천),강소
759,㈜제로투원비즈,778-86-02046,2022,강소(춘천),강소
760,㈜퓨처에프바이오텍,375-87-02349,2022,강소(춘천),강소
761,㈜엔비아이티,776-81-01288,2022,강소(춘천),강소
762,㈜온코인,387-87-02624,2022,강소(춘천),강소
763,㈜알비에이치앤비,879-81-02500,2022,강소(인천),강소
764,㈜에이큐에이,452-81-02474,2022,강소(인천),강소
765,㈜바이오모션,226-86-02716,2022,강소(인천),강소
766,㈜마이크로젠타스,308-87-02034,2022,강소(홍릉),강소
767,㈜락토마이스터,817-87-02367,2022,광주,
768,㈜프롬,462-86-01458,2022,광주,
769,㈜솔리드앤이에스,439-86-02587,2022,대덕,
770,㈜와이케이신터링,132-87-01888,2022,대덕,
771,㈜파이온시스템즈,529-88-00493,2022,대덕,
772,㈜조은꿈,513-88-02313,2022,대덕,
773,㈜한다랩,308-86-02449,2022,대덕,
774,㈜에딘트,462-81-02559,2022,대덕,
775,㈜리빗투미,159-88-02588,2022,전북,
776,㈜유니온테크,255-87-01425,2022,전북,
777,㈜티엠시비앤티,338-81-02732,2022,전북,
778,씨셀㈜,685-81-02491,2022,부산,
779,에이치비테크㈜,745-81-01284,2022,부산,
780,㈜커즈앤나블라,208-87-02845,2022,부산,
781,㈜인우랩,401-86-02715,2022,부산,
782,㈜스포츠인,127-88-02922,2022,부산,
783,㈜미래시스템즈,362-87-02789,2022,부산,
784,㈜바이오폴,391-81-02733,2022,부산,
785,㈜은재팜,886-86-02857,2022,부산,
786,㈜공간이음,246-86-02909,2022,부산,
787,㈜원,821-81-02952,2022,부산,
788,지아이앤㈜,571-86-02673,2022,부산,
789,㈜에스비알앤티,558-86-02796,2022,부산,
790,㈜크레드원,567-88-02533,2022,부산,
791,㈜로운포터블,179-81-02846,2022,부산,
792,㈜에스디테크놀러지,876-86-02485,2022,광주,
793,㈜서린비앤에이치,277-86-02714,2022,광주,
794,㈜세주아이씨티,407-88-01135,2022,광주,
795,㈜그린코어,783-88-02606,2022,부산,
796,㈜사일리움바이오사이언스,363-88-02455,2022,대구,
797,㈜비엠에스테크,414-86-02953,2022,대구,
798,㈜에바랩코리아,517-86-02586,2022,대구,
799,㈜바른식품연구소,576-81-02620,2022,대구,
800,㈜엔씨바이오사이언스,846-86-02975,2022,대구,
801,㈜키바이오,308-81-45652,2022,대구,
802,㈜티아그로즈,862-88-02078,2022,대구,
803,㈜자이엔,716-87-02410,2022,대구,
804,㈜제이앤아이코퍼레이션,318-87-02711,2022,강소(김해),강소
805,㈜한국모빌리티솔루션,806-81-02900,2022,강소(진주),강소
806,㈜브레인헬스랩,561-81-02593,2022,강소(진주),강소
807,㈜한국금형기술,872-86-02687,2022,강소(진주),강소
808,㈜퍼스트랩,140-88-02584,2022,대덕,
809,㈜에이치투시스템스,828-87-02182,2022,대덕,
810,㈜에이아이시스템즈,675-88-00398,2022,대덕,
811,㈜무브투,439-86-02307,2022,대덕,
812,㈜지에스에스,286-88-02615,2022,대덕,
813,㈜테라룩스,269-88-02508,2022,대덕,
814,㈜츄앤슈,268-87-01867,2022,대덕,
815,㈜케이모터스,807-88-01446,2022,강소(포항),강소
816,㈜엠에스테크놀로지,383-86-02611,2022,강소(포항),강소
817,㈜에스에프로보틱스,467-81-02573,2022,강소(포항),강소
818,㈜그린코어,105-88-17691,2022,강소(나주),강소
819,㈜제이엠엘이디,430-87-01195,2022,강소(나주),강소
820,㈜아이오티플러스,390-88-01841,2022,강소(나주),강소
821,㈜아이로드,184-86-02974,2022,강소(나주),강소
822,㈜쉘피아,443-87-02429,2022,강소(인천),강소
823,㈜창림,210-81-77556,2022,강소(창원),강소
824,㈜에스티피솔루션,439-86-01953,2022,강소(인천),강소
825,㈜스마트세이프티랩,784-86-02755,2022,강소(인천),강소
826,㈜케이컨스,682-88-02623,2022,강소(인천),강소
827,㈜광명이엔지,138-81-50783,2022,강소(군산),강소
828,㈜에스에스월드,535-88-01857,2022,강소(군산),강소
829,㈜케이에스씨,217-81-50086,2022,강소(군산),강소
830,㈜골다공인공지능,571-88-02546,2022,강소(홍릉),강소
831,유한회사 케이에듀,545-87-01328,2022,강소(군산),강소
832,㈜유엔에스바이오,793-88-02734,2022,강소(인천),강소
833,㈜에어트러스트,160-87-02131,2022,강소(안산),강소
834,케이유융합소프트웨어연구센터㈜,326-87-02032,2022,강소(홍릉),강소
835,㈜아미스트,286-88-02497,2023,부산,
836,㈜스마트체인,421-86-02572,2023,부산,
837,㈜그린은하수,560-86-01621,2023,강소(인천),강소
838,㈜에브리랩,336-88-02680,2023,대덕,
839,㈜바디웰,673-87-02317,2023,강소(청주),강소
840,㈜아쿠아랩,174-81-02711,2023,부산,
841,㈜엔에스알,219-87-02845,2023,부산,
842,㈜코어무브먼트,459-88-00495,2023,부산,
843,케이엘모션㈜,754-81-02410,2023,강소(창원),강소
844,에이지로보틱스㈜,151-86-01640,2023,강소(창원),강소
845,유에이티㈜,127-86-62760,2023,강소(창원),강소
846,㈜네오퍼스,261-81-28709,2023,강소(포항),강소
847,㈜시그마포토닉스,723-87-00628,2023,강소(포항),강소
848,케이아이바이오㈜,272-86-02631,2023,강소(김해),강소
849,포인드㈜,334-87-00694,2023,강소(구미),강소
850,㈜테크체인랩스,107-88-43967,2023,대덕,
851,㈜비즈에이앤씨,731-87-01706,2023,대덕,
852,㈜에스플러스텍,281-87-02670,2023,대덕,
853,㈜슈거아트,383-86-02590,2023,대덕,
854,㈜라파메디랩,102-88-02355,2023,전북,
855,씨앤알코스메틱스㈜,579-87-02107,2023,전북,
856,㈜다카포,403-87-02663,2023,전북,
857,㈜키움,332-87-02740,2023,전북,
858,㈜해븐코리아,318-86-01433,2023,전북,
859,드림드림㈜,354-88-02655,2023,전북,
860,㈜와이슈퍼브,296-86-01507,2023,전북,
861,㈜아이엔비솔루션즈,217-81-39591,2023,전북,
862,㈜오리엔탈테크,275-87-02433,2023,부산,
863,㈜케이솔루션,257-87-02416,2023,부산,
864,㈜패션테리어제이에스,568-86-02245,2023,강소(군산),강소
865,㈜세림씨앤에스,283-88-02765,2023,강소(군산),강소
866,트리원㈜,567-86-03237,2023,강소(군산),강소
867,비티에너지㈜,179-81-01925,2023,강소(춘천),강소
868,㈜알엠사이언스,224-86-02078,2023,강소(춘천),강소
869,㈜소노럭스헬스테크,879-81-02820,2023,강소(안산),강소
870,픽클래스㈜,816-81-02737,2023,강소(구미),강소
871,㈜솔위드,294-88-02751,2023,강소(구미),강소
872,㈜엘앤에이치랩스,814-86-02018,2023,광주,
873,㈜포스있지,876-86-02544,2023,광주,
874,㈜피엔제이첨단소재,307-86-02859,2023,광주,
875,㈜아반트릭스,680-88-02234,2023,대덕,
876,㈜지오에이치텍,838-88-02658,2023,대덕,
877,㈜메타뱅크,755-86-02418,2023,대덕,
878,북스타트교육㈜,201-87-01374,2023,대덕,
879,㈜웨이투씨,459-86-02975,2023,대덕,
880,㈜디팜스,875-88-01944,2023,대덕,
881,㈜하이퍼스페이스,159-87-02714,2023,대덕,
882,㈜디큐어스,252-81-02971,2023,강소(천안아산),강소
883,㈜비전알앤디,398-87-02513,2023,강소(천안아산),강소
884,㈜브이에스엘,881-88-02666,2023,강소(천안아산),강소
885,㈜비트로닉,770-86-02606,2023,강소(천안아산),강소
886,㈜엠에스지솔루션,439-87-02264,2023,강소(청주),강소
887,㈜르호봇알브이엠,562-87-02735,2023,강소(인천),강소
888,㈜비페코,520-88-01796,2023,강소(홍릉),강소
889,지알디씨㈜,659-81-02153,2023,대구,
890,와이에스뷰티테크㈜,317-86-02666,2023,대구,
891,웰팬슈츠㈜,453-81-02929,2023,대구,
892,㈜와이디아이슬,525-86-02286,2023,대구,
893,㈜메타그라운드,158-87-03044,2023,대구,
894,㈜나고에프앤비,397-88-02609,2023,대구,
895,㈜크레드,528-88-02450,2023,전북,
896,㈜제이솔루션,829-87-01361,2023,전북,
897,㈜바이오램프,676-81-00408,2023,전북,
898,㈜바이오메이신,863-87-01890,2023,전북,
899,㈜미라클랩,403-81-85527,2023,전북,
900,㈜섬섬바이오,727-88-02101,2023,광주,
901,㈜에이아이시드,210-87-02514,2023,광주,
902,㈜웨이투메이크,547-88-01073,2023,전북,
903,㈜라온연구소,585-87-02475,2023,전북,
904,㈜주만금,464-86-01871,2023,전북,
905,㈜누리팜,188-81-02985,2023,전북,
906,㈜핀바움,709-81-02837,2023,전북,
907,제이피하이드로바이오㈜,479-87-02767,2023,전북,
908,인네이처㈜,262-86-01372,2023,대덕,
909,㈜에스티에이치,163-87-02902,2023,대덕,
910,㈜더블오,171-86-02420,2023,부산,
911,㈜킴스테크,454-81-02316,2023,부산,
912,㈜케이디에스,418-81-56494,2023,부산,
913,㈜베이브,880-81-02460,2023,강소(울주),강소
914,㈜아이미츠,814-87-01976,2023,강소(울주),강소
915,㈜씨엔엔테크,164-88-02464,2023,강소(울주),강소
916,미래시스템㈜,168-81-03054,2023,강소(진주),강소
917,㈜에스디에어로,801-81-02792,2023,강소(진주),강소
918,㈜코마이크로시스템즈,611-87-02319,2023,강소(진주),강소
919,㈜앤썸바이오,348-81-02952,2023,강소(진주),강소
920,로아블랑㈜,452-88-02885,2023,강소(진주),강소
921,㈜하바랩,434-88-02500,2023,강소(포항),강소
922,㈜메타하트,725-86-02585,2023,강소(구미),강소
923,㈜엔에스랩,789-81-02662,2023,강소(구미),강소
924,㈜메타투피플,133-81-46061,2023,대덕,
925,㈜에피시스,741-86-03117,2023,대덕,
926,㈜제노,812-88-02786,2023,강소(인천),강소
927,㈜소나버스,697-87-02555,2023,강소(춘천),강소
928,㈜프리베노스바이오,219-81-30640,2023,강소(춘천),강소
929,㈜쏠엔비,550-87-02426,2023,강소(춘천),강소
930,㈜메카노코리아,653-81-02529,2023,강소(춘천),강소
931,㈜메타디티엑스,650-87-02667,2023,강소(홍릉),강소
932,㈜포피랩,383-87-02433,2023,강소(홍릉),강소
933,㈜산들에코,329-86-01879,2023,강소(천안아산),강소
934,㈜에이다스랩,510-86-02800,2023,광주,
935,㈜이글이비전,284-86-03026,2023,광주,
936,㈜퓨처리스텍,175-87-02394,2023,강소(인천),강소
937,㈜메인,849-88-02584,2023,강소(춘천),강소
938,㈜커넥티드인,857-87-02725,2023,강소(춘천),강소
939,㈜웰바이오,572-86-02579,2023,강소(춘천),강소
940,㈜하니버스,154-81-03017,2023,강소(춘천),강소
941,㈜파라바이오,731-88-02814,2023,강소(춘천),강소
942,㈜경기코퍼레이션,633-81-01491,2023,강소(인천),강소
943,팜라이트㈜,366-88-02100,2023,강소(인천),강소
944,다인테크연구소㈜,880-81-02761,2023,대구,
945,트리피컬연구소㈜,163-81-03059,2023,대구,
946,㈜디온알앤디,819-81-01396,2023,대구,
947,㈜에이티삼일바이오,441-87-02665,2023,대구,
948,㈜메타헬스랩,734-86-03268,2023,광주,
949,㈜바이오콜텍,687-88-02782,2023,광주,
950,㈜네스트밸런스,896-86-02795,2023,광주,
951,삼양씨푸드㈜,603-81-54833,2023,부산,
952,알에프페이즈메이커㈜,896-86-02586,2023,강소(안산),강소
953,㈜안단테에프엠,177-87-02745,2023,강소(홍릉),강소
954,㈜인벤션라인,867-87-02120,2023,강소(인천),강소
955,㈜솔라네트워크,825-88-02803,2023,강소(인천),강소
956,㈜미타운,612-81-55480,2023,강소(안산),강소
957,㈜슈마,762-87-02956,2023,강소(춘천),강소
958,㈜코라스로보틱스,118-81-24001,2023,강소(홍릉),강소
959,㈜라씨,459-86-02562,2023,강소(구미),강소
960,㈜동평기술,887-81-00876,2023,강소(구미),강소
961,㈜금철이노베이션,817-88-02573,2023,강소(나주),강소
962,㈜파워임베디드,383-87-02544,2023,강소(나주),강소
963,㈜아크로멧,183-81-03179,2023,강소(창원),강소
964,㈜한국전기그린랩스,449-87-01845,2023,강소(창원),강소
965,㈜이피에스,274-87-02648,2023,부산,
966,㈜로아,415-88-02630,2023,부산,
967,㈜넥솔머트리얼즈,630-81-03001,2023,대덕,
968,㈜유니아이,269-87-01967,2023,대덕,
969,㈜팀바이오,547-88-02427,2023,대덕,
970,㈜커넥트브릭,450-86-02018,2023,대덕,
971,싸이프레노바이오로직스㈜,679-81-02797,2023,강소(포항),강소
972,㈜아담스컨설턴트,217-86-02838,2023,강소(구미),강소
973,㈜캠프티,655-87-02793,2023,강소(김해),강소
974,㈜비앤비솔루션,810-81-02608,2023,강소(김해),강소
975,㈜배터밸류,388-81-02912,2023,광주,
976,㈜대현알앤지,897-88-02943,2023,광주,
977,㈜디지털랩스,787-87-02751,2023,광주,
978,㈜블루플래닛,316-87-03048,2023,강소(인천),강소
979,㈜에코스루,451-86-03169,2023,강소(인천),강소
980,㈜펫테크,801-81-03054,2023,강소(인천),강소
981,㈜케이원바이오,147-87-02308,2023,강소(안산),강소
982,㈜편백숲에서,251-81-01440,2023,강소(안산),강소
983,㈜드림어스,851-88-03058,2023,강소(군산),강소
984,㈜넥스젠ES,535-81-03104,2023,강소(군산),강소
985,㈜잇피,142-87-02657,2023,강소(홍릉),강소
986,㈜에이브노틱스,679-81-02934,2023,대덕,
987,㈜롱우드,759-81-03054,2023,대덕,
988,㈜정도에코솔루션,316-88-02861,2023,대덕,
989,㈜패피롱글로벌,614-87-02749,2023,대덕,
990,에이지솔루션즈㈜,104-88-02593,2023,대덕,
991,㈜아신홀딩스,439-87-02978,2023,부산,
992,㈜지아이랩,765-87-02839,2023,부산,
993,㈜그로스,537-87-02928,2023,부산,
994,㈜컴퍼지트솔루션즈,327-87-02995,2023,부산,
995,㈜투알테크,853-81-02814,2023,부산,
996,㈜너브바이오사이언스,815-88-02844,2023,부산,
997,워너프코리아㈜,414-81-09010,2023,부산,
998,㈜엑셀리온,449-87-03178,2023,부산,
999,에스엠티솔루션㈜,469-88-02715,2023,부산,
1000,일에이엔㈜,368-87-01546,2023,부산,
1001,엑스에이아이에듀랩스㈜,729-86-02952,2023,부산,
1002,㈜조타코,555-81-02832,2023,부산,
1003,㈜아트텔링테크놀로지,608-86-12885,2023,대덕,
1004,지엠씨㈜,710-81-03364,2023,대덕,
1005,㈜에버,283-86-03246,2023,대덕,
1006,㈜인공광합성연구소,324-87-02642,2023,대덕,
1007,㈜비엠포트,178-81-02727,2023,대덕,
1008,에코트로닉스㈜,534-86-03197,2023,대덕,
1009,㈜엘피테크,288-86-03085,2023,대덕,
1010,오토모비㈜,373-88-03150,2023,대덕,
1011,힐머에너지㈜,437-81-03299,2023,대덕,
1012,㈜앤켓,507-87-02816,2023,대구,
1013,㈜옥산카케어,325-87-01821,2023,대구,
1014,㈜휴마인테크놀로지,510-87-03150,2023,대구,
1015,㈜대림에너지테크,576-88-02629,2023,대구,
1016,㈜티지에프,840-81-02900,2023,대구,
1017,㈜서우기술,684-88-02920,2023,대구,
1018,㈜본젠플러스,112-87-02904,2023,대구,
1019,㈜엘제이솔루션,899-88-02027,2023,대구,
1020,㈜파이로솔루션,459-87-02327,2023,대구,
1021,큐에스㈜,436-81-02792,2023,대구,
1022,㈜잇워즈고트,408-86-17859,2023,대구,
1023,휴먼바이오㈜,658-88-02988,2023,대구,
1024,㈜레일온,260-86-02415,2023,대구,
1025,㈜리본랩,510-87-02317,2023,대구,
1026,티아이랩스㈜,834-88-02660,2023,대구,
1027,쥬니크㈜,808-81-02911,2023,대구,
1028,㈜사운드엣,693-81-03166,2023,광주,
1029,㈜인터엠텍,641-88-03072,2023,광주,
1030,㈜크리에이티브칠,798-81-02671,2023,광주,
1031,㈜인투버스,573-86-02738,2023,광주,
1032,㈜너드그래스,219-86-03231,2023,광주,
1033,㈜제스트이엔지,552-86-02731,2023,광주,
1034,㈜아이브,453-88-03077,2023,광주,
1035,㈜디알큐어,373-87-02042,2023,광주,
1036,㈜에스앤유피,161-81-03238,2023,전북,
1037,㈜크레어,227-88-02824,2023,강소(구미),강소
1038,㈜빵앗간며느리,366-87-02817,2023,전북,
1039,㈜원컴파운딩,165-87-02873,2023,전북,
1040,㈜오뜨리움,522-87-02800,2023,전북,
1041,㈜라이온크랩,232-86-02216,2023,광주,
1042,㈜예승공조,309-88-01957,2023,광주,
1043,㈜제이커버넌트,791-87-03142,2023,강소(천안아산),강소
1044,㈜아이눈,378-88-03102,2023,광주,
1045,㈜세이프어스,512-87-03059,2023,강소(창원),강소
1046,㈜세찬,288-88-02867,2023,강소(포항),강소
1047,㈜웨이브디,889-81-02924,2023,강소(포항),강소
1048,㈜포다스,769-87-03179,2023,강소(포항),강소
1049,㈜제이와이솔루션,260-81-03253,2023,강소(구미),강소
1050,㈜제이엠에너지솔루션,324-81-01656,2023,강소(나주),강소
1051,㈜에이디솔루션,289-81-03031,2023,강소(나주),강소
1052,지엘이앤씨㈜,304-87-02764,2023,강소(김해),강소
1053,㈜뉴헤리티지,365-86-03005,2023,강소(김해),강소
1054,에스엠파머스㈜,705-88-02697,2023,강소(구미),강소
1055,㈜리젠피엔엠,729-81-03145,2023,부산,
1056,㈜알피에스코리아,469-86-02818,2023,부산,
1057,드림파머스㈜,771-81-03296,2023,부산,
1058,㈜이제이워터스,672-81-03140,2023,부산,
1059,㈜닐스,746-87-02798,2024,부산,
1060,㈜티에이에스,218-81-25993,2024,부산,
1061,㈜에스이더블유,145-86-02886,2024,부산,
1062,㈜수랩,648-81-02871,2024,부산,
1063,㈜휴커버리,125-88-02886,2024,부산,
1064,㈜노블머트리얼즈,644-86-02893,2024,강소(천안아산),강소
1065,㈜알티바이오사이언스,848-81-03354,2024,강소(군산),강소
1066,에스유씨엔씨㈜,851-88-03039,2024,강소(인천),강소
1067,엘리타스㈜,680-88-02966,2024,강소(인천),강소
1068,㈜제이더블유시스템즈,432-81-03197,2024,강소(군산),강소
1069,패튼에프티㈜,366-87-02438,2024,강소(울주),강소
1070,닥터일렉㈜,670-81-03014,2024,강소(울주),강소
1071,㈜에스알,350-86-02912,2024,강소(창원),강소
1072,㈜시아,189-86-03129,2024,강소(포항),강소
1073,㈜다다닥헬스케어,676-87-02806,2024,강소(김해),강소
1074,㈜애자일디노브,202-88-03275,2024,강소(김해),강소
1075,㈜윙스,484-88-02844,2024,광주,
1076,㈜풀빅,731-87-03252,2024,광주,
1077,㈜한국소수력발전,110-87-02121,2024,광주,
1078,㈜아우름바이오,895-81-02365,2024,광주,
1079,㈜선우이앤씨,530-88-01911,2024,광주,
1080,㈜에임즈,234-86-03074,2024,대구,
1081,디에스모빌리티㈜,391-81-03130,2024,대구,
1082,㈜트라이벨랩,827-88-00951,2024,대구,
1083,㈜NHR,191-88-02748,2024,대구,
1084,㈜아이엔폴리모,498-88-02862,2024,부산,
1085,㈜엘렉트,827-87-02684,2024,부산,
1086,㈜제이에스피산업,879-87-01880,2024,부산,
1087,카누스㈜,745-88-02832,2024,부산,
1088,서한이노텍㈜,252-86-02938,2024,부산,
1089,퓨리센스㈜,114-88-02931,2024,대덕,
1090,㈜피드바이오,457-87-02786,2024,대덕,
1091,㈜스완로보틱스,472-86-03360,2024,대덕,
1092,새한이솔루션㈜,446-86-03153,2024,강소(창원),강소
1093,㈜엠엠아이코퍼레니션,403-86-03122,2024,강소(진주),강소
1094,㈜에어로썸,634-87-02802,2024,강소(진주),강소
1095,㈜빈체레바이오헬스,492-86-03059,2024,강소(포항),강소
1096,㈜스카이픽,163-88-02345,2024,강소(나주),강소
1097,엔소㈜,272-86-02854,2024,강소(인천),강소
1098,㈜제로원,608-88-02644,2024,강소(청주),강소
1099,㈜두루알앤디,698-87-02636,2024,강소(청주),강소
1100,㈜이이엠씨,872-81-03037,2024,강소(청주),강소
1101,㈜오네스트,693-87-03061,2024,강소(인천),강소
1102,에스비티에너지㈜,475-88-02817,2024,강소(인천),강소
1103,이콘플러스㈜,546-88-02822,2024,강소(인천),강소
1104,케이프랩㈜,604-81-44755,2024,강소(구미),강소
1105,(주)앤에프티씨어터,370-86-02745,2024,강소(구미),강소
1106,㈜코드파빈,565-86-02829,2024,강소(구미),강소
1107,㈜네스트,282-86-03302,2024,강소(구미),강소
1108,㈜바이오바이츠,696-87-03298,2024,강소(춘천),강소
1109,㈜아라에이아이솔루션,752-88-02752,2024,강소(천안아산),강소
1110,㈜이루실,257-81-03596,2024,강소(춘천),강소
1111,㈜파로스그린쉽,633-88-03130,2024,강소(군산),강소
1112,㈜지씨에스크리에이티브,542-81-03397,2024,강소(군산),강소
1113,㈜케이펫,171-88-02292,2024,강소(춘천),강소
1114,퍼즈메디㈜,766-81-02617,2024,강소(춘천),강소
1115,㈜시스메드,832-81-03039,2024,강소(홍릉),강소
1116,㈜이음케미칼,891-81-03474,2024,강소(천안아산),강소
1117,㈜아시안파이시스,580-86-03225,2024,강소(인천),강소
1118,㈜린드,836-87-02484,2024,전북,
1119,㈜아이오이,846-81-02892,2024,전북,
1120,㈜로니랩,138-86-05245,2024,전북,
1121,㈜아이트론,223-81-20781,2024,전북,
1122,㈜헬스엔소울,486-87-03293,2024,전북,
1123,(유)제이엘브리지,691-87-01640,2024,전북,
1124,㈜더블유티피에스,409-87-02962,2024,전북,
1125,㈜호트코퍼레이션,338-81-03269,2024,전북,
1126,㈜에이미라클,652-81-02884,2024,대덕,
1127,㈜브이피소프트,550-81-02050,2024,대덕,
1128,㈜메디키나바이오,539-86-01739,2024,대덕,
1129,㈜일리아스AI,746-81-02985,2024,대덕,
1130,㈜맘트,248-87-02988,2024,강소(홍릉),강소
1131,㈜도원나노피엘에이,597-87-03176,2024,강소(인천),강소
1132,㈜레인아이,411-81-85095,2024,강소(나주),강소
1133,㈜엔프로토콜,451-88-03334,2024,강소(진주),강소
1134,㈜비엔씨일렉트로닉스,339-81-03165,2024,강소(구미),강소
1135,위즈노트에이아이㈜,831-88-03108,2024,강소(구미),강소
1136,㈜라파비,878-87-03003,2024,강소(김해),강소
1137,㈜미뮨테라퓨틱스,189-87-02826,2024,강소(김해),강소
1138,㈜세웅,893-81-02879,2024,광주,
1139,㈜우물과두레박,811-86-03449,2024,전북,
1140,㈜환경자원연구센터,683-86-03015,2024,전북,
1141,㈜한국엠피이,612-87-03214,2024,전북,
1142,(유)하이존바이오,707-81-02864,2024,전북,
1143,㈜한국바이오텍,611-87-02610,2024,전북,
1144,㈜라플라스,511-88-03198,2024 ,대덕,
1145,㈜엘케이로보틱스,391-81-03300,2024 ,대덕,
1146,알이에스㈜,837-87-03297,2024 ,대덕,
1147,㈜이유텍,673-86-02931,2024 ,강소(창원),강소
1148,㈜인섹트이노텍,143-87-02136,2024 ,강소(울주),강소
1149,한국전지안전㈜,749-87-03137,2024 ,강소(울주),강소
1150,㈜아이메타에이아이,644-87-02890,2024 ,강소(구미),강소
1151,알엠이디㈜,179-86-03592,2024 ,대구,
1152,㈜머쉬로직,424-86-02436,2024 ,대구,
1153,㈜에이제이바이오,216-81-43845,2024 ,대구,
1154,휴먼앤바이오㈜,156-87-02108,2024 ,광주,
1155,㈜샘,895-81-02308,2024 ,강소(창원),강소
1156,㈜테스프,331-81-02876,2024 ,강소(구미),강소
1157,㈜로챗,877-87-03204,2024 ,강소(구미),강소
1158,㈜제로에너지솔루션,208-81-32084,2024 ,강소(김해),강소
1159,㈜수랩,159-87-03237,2024 ,강소(천안아산),강소
1160,㈜딜렉,153-87-02768,2024 ,강소(천안아산),강소
1161,㈜이에스디에너지,488-88-03035,2024 ,강소(인천),강소
1162,㈜뱃블러드코리아,707-87-03282,2024 ,전북,
1163,제이에듀엔터㈜,790-87-02704,2024 ,전북,
1164,그린융합㈜,633-88-02830,2024 ,전북,
1165,농업회사법인넥스트리㈜,347-81-03093,2024 ,광주,
1166,피피텍코리아㈜,579-87-02922,2024 ,광주,
1167,옵토시아㈜,541-87-02062,2024 ,광주,
1168,와이드텍㈜,507-88-02924,2024 ,광주,
1169,㈜나노글리아,520-86-01389,2024 ,대덕,
1170,이스트시드㈜,667-81-02722,2024 ,대덕,
1171,㈜컬리넌코퍼레이션,641-81-02981,2024 ,대덕,
1172,㈜엠씨티,433-86-03633,2024 ,대덕,
1173,㈜엠오아이,592-87-03040,2024 ,강소(진주),강소
1174,㈜휴온텍,391-81-03445,2024 ,강소(진주),강소
1175,㈜에코에스엠,364-88-03141,2024 ,강소(포항),강소
1176,㈜솔루트,286-86-03186,2024 ,강소(나주),강소
1177,㈜에스이투메터리얼,856-81-03054,2024 ,강소(나주),강소
1178,㈜덴탈비전,287-81-01527,2024 ,강소(안산),강소
1179,㈜맥스,398-81-03223,2024 ,강소(천안아산),강소
1180,㈜세종,360-81-03359,2024 ,강소(군산),강소
1181,㈜지에스에코,205-81-44373,2024 ,강소(군산),강소
1182,더파운틴코리아㈜,143-81-35294,2024 ,강소(군산),강소
1183,㈜디엔지니어,796-81-03320,2024 ,강소(천안아산),강소
1184,㈜엔지노바,233-87-03404,2024 ,강소(천안아산),강소
1185,㈜에스엔엠테크,151-81-03736,2024 ,강소(천안아산),강소
1186,㈜송천,762-87-03260,2024 ,강소(군산),강소
1187,케이씨아이㈜,779-87-02328,2024 ,강소(안산),강소
1188,화가장㈜,631-87-02462,2024 ,강소(천안아산),강소
1189,에코스에프엠㈜,165-81-03322,2024 ,강소(천안아산),강소
1190,㈜케이티에스,234-81-06829,2024 ,강소(천안아산),강소
1191,㈜대유테크,140-81-53750,2024 ,강소(천안아산),강소
1192,㈜원셀에스바이오,645-81-03172,2024 ,강소(홍릉),강소
1193,㈜스피치툴스,482-87-02079,2024 ,강소(안산),강소
1194,㈜씨엘피솔루션,417-88-03130,2024 ,강소(안산),강소
1195,우성테크놀러지㈜,539-81-02596,2024 ,강소(안산),강소
1196,제이앤스마트㈜,180-87-02659,2024 ,강소(안산),강소
1197,㈜메디프리즘,145-88-02920,2024 ,강소(홍릉),강소
1198,㈜한별로보틱스,382-87-02731,2024 ,강소(군산),강소
1199,피엔케이비에이치㈜,307-88-03279,2024 ,강소(춘천),강소
1200,셀모티브㈜,696-88-02302,2024 ,강소(춘천),강소
1201,㈜콘크리트피더블유,236-88-03244,2024 ,부산,
1202,㈜블루드라이브,550-81-03312,2024 ,부산,
1203,㈜이노에이블랩,420-88-02743,2024 ,부산,
1204,㈜주안이노텍,781-88-03308,2024 ,부산,
1205,㈜제이케이아이앤씨,644-87-02022,2024 ,부산,
1206,㈜자은테크놀로지,860-88-03033,2024 ,부산,
1207,㈜와이시스랩,745-87-03116,2024 ,부산,
1208,㈜글리고핏,864-81-03375,2024 ,부산,
1209,㈜세인트케이알,473-87-02890,2024 ,부산,
1210,㈜피앤테크,605-86-35502,2024 ,부산,
1211,유엔아이㈜,793-81-03641,2024 ,대덕,
1212,㈜인피니티랩스,762-86-03114,2024 ,대덕,
1213,㈜엘씨비티,365-88-03047,2024 ,대덕,
1214,㈜폴리솔루션테크,522-86-03520,2024 ,대덕,
1215,㈜더포스트미트,251-87-03305,2024 ,대덕,
1216,㈜케이앤솔루션,261-86-03547,2024 ,대덕,
1217,㈜뉴로마인,831-87-02645,2024 ,대덕,
1218,㈜프랙사이,790-81-03526,2024 ,대덕,
1219,㈜에스엘드림,182-87-02562,2024 ,대덕,
1220,㈜비상테크,612-86-03274,2024 ,대덕,
1221,㈜티핑포인트,424-87-03392,2024 ,대덕,
1222,㈜에이아이세스,201-86-12200,2024 ,대덕,
1223,㈜헬로에이아이,195-86-03328,2024 ,대덕,
1224,㈜에스오엑스,353-86-01149,2024 ,대덕,
1225,㈜에스엠하엘,497-87-03594,2024 ,대덕,
1226,㈜씨에이씨,685-87-03376,2024 ,대덕,
1227,에스웰딩㈜,190-87-03499,2024 ,대덕,
1228,㈜지피티,818-81-03182,2024 ,대덕,
1229,㈜코어테크,614-88-03008,2024 ,대덕,
1230,㈜하티스디랩,651-81-03430,2024 ,대덕,
1231,원동이노베이션㈜,584-81-03431,2024 ,강소(진주),강소
1232,㈜퓨쳐팩토리,760-86-03535,2024 ,강소(포항),강소
1233,에이치메딕기어㈜,135-87-03207,2024 ,강소(포항),강소
1234,㈜덱스테크놀로지,625-88-03352,2024 ,강소(포항),강소
1235,㈜애니에이블,435-86-02931,2024 ,강소(창원),강소
1236,㈜샤이닝마블,650-86-02904,2024 ,강소(포항),강소
1237,㈜코리아레카,848-87-02584,2024 ,강소(구미),강소
1238,㈜코드체인지,850-86-03347,2024 ,강소(구미),강소
1239,㈜원로보틱스,762-87-03300,2024 ,강소(구미),강소
1240,㈜데이터투에너지,333-86-02955,2024 ,강소(나주),강소
1241,㈜에이케이파워,323-87-03177,2024 ,강소(나주),강소
1242,㈜아이씨온,687-81-03778,2024 ,강소(김해),강소
1243,플렉스크래프트㈜,472-86-03564,2024 ,강소(울주),강소
1244,에프엠브이,853-87-01802,2024 ,강소(울주),강소
1245,㈜딥아이,336-88-02676,2024 ,강소(울주),강소
1246,㈜오투바이오,563-86-02973,2024 ,강소(김해),강소
1247,㈜네트코리아,709-86-02394,2024 ,광주,
1248,폴튼㈜,150-87-02925,2024 ,광주,
1249,㈜한라홀딩스,750-86-02034,2024 ,광주,
1250,㈜제이에스하이테크,325-88-02036,2024 ,광주,
1251,㈜리스템바이오,268-81-03577,2024 ,광주,
1252,㈜케이엔유데이터사이언스연구소,314-87-02460,2024 ,대구,
1253,엔투에이치㈜,251-81-03579,2024 ,대구,
1254,㈜브레니아,196-88-03311,2024 ,대구,
1255,㈜큐아이,597-86-02845,2024 ,대구,
1256,㈜케어랩,217-86-03365,2024 ,대구,
1257,㈜비트윈,541-87-03343,2024 ,대구,
1258,㈜모파스,358-87-03095,2024 ,대구,
1259,㈜레이온,755-81-03033,2024 ,대구,
1260,㈜텍스트로닉스,778-88-03035,2024 ,대구,
1261,바실리㈜,111-87-03292,2024 ,대구,
1262,메스텔㈜,725-86-03298,2024 ,대구,
1263,㈜크림오프,514-87-03021,2024 ,대구,
1264,㈜리브온,271-86-03205,2024 ,대구,
1265,㈜더마센트릭바이오,855-86-03721,2024 ,대구,
1266,㈜에스메드,331-81-03045,2024 ,대구,
1267,㈜비전코어,255-81-03284,2024 ,대구,
1268,㈜이알에프,564-81-02613,2024 ,광주,
1269,에이어블㈜,580-86-03389,2024 ,광주,
1270,㈜오닉스,892-81-03180,2024 ,전북,
1271,㈜메타플라,423-81-03723,2024 ,전북,
1272,㈜엔피씨젠,795-87-02960,2024 ,전북,
1273,㈜마샬랩,485-87-03437,2024 ,전북,
1274,㈜씨코어,208-86-02213,2024 ,전북,
1275,다른오름농업회사법인(주),812-81-02512,2024 ,전북,
1276,㈜피치랩,245-81-03195,2024 ,전북,
1277,노원비하인드㈜,587-86-03207,2024 ,강소(나주),강소
1278,㈜셀슈어테크놀로지,424-81-03371,2024 ,강소(나주),강소
1279,㈜디버스,423-81-03591,2024 ,강소(구미),강소
1280,㈜모빌리티랩,335-86-03682,2024 ,강소(창원),강소
1281,㈜루시투앤,415-88-00985,2024 ,강소(울주),강소
1282,㈜씨테크랩스,792-88-03351,2024 ,강소(청주),강소
1283,㈜뉴로타지,860-86-03422,2024 ,강소(홍릉),강소
1284,마일스톤헬스케어(주),304-87-02537,2024 ,강소(홍릉),강소
1285,인투브이에스㈜,333-87-03418,2024 ,강소(춘천),강소
1286,㈜플로라토피아,760-88-03183,2025 ,광주,
1287,에이아이씨엔티㈜,604-81-44925,2025 ,광주,
1288,㈜엑스알에이아이,771-87-02154,2025 ,광주,
1289,㈜웨이브랩,601-87-03311,2025 ,부산,
1290,㈜제이에이치바이오팜,266-81-03853,2025 ,부산,
1291,㈜비엔비솔루션,804-86-03306,2025 ,부산,
1292,㈜로이브,748-81-03597,2025 ,부산,
1293,㈜엘파워,725-86-03323,2025 ,부산,
1294,㈜브라잇홈,683-87-03083,2025 ,대덕,
1295,㈜유진기술,399-81-00608,2025 ,대덕,
1296,㈜에이브람스,516-86-02939,2025 ,대덕,
1297,㈜에스아이에스센서,227-86-03116,2025 ,대덕,
1298,㈜드림즈,519-81-02665,2025 ,대덕,
1299,㈜큐로텍,283-86-03377,2025 ,전북,
1300,㈜파워투팜스,435-87-02898,2025 ,전북,
1301,페트로테크㈜,692-81-03144,2025 ,전북,
1302,㈜흰구름마을,459-88-03075,2025 ,전북,
1303,㈜옥타알앤디,842-88-03369,2025 ,전북,
1304,㈜아이트,218-85-05618,2025 ,전북,
1305,㈜아크로파마,634-86-03139,2025 ,광주,
1306,㈜씨에이치와이,833-81-03880,2025 ,광주,
1307,㈜대한몰드,101-86-58186,2025 ,광주,
1308,㈜리젠테크,566-86-01269,2025 ,광주,
1309,㈜케이제이테크,301-87-02391,2025 ,전북,
1310,㈜헤스피마린,680-87-00700,2025 ,부산,
1311,㈜그람,499-87-02155,2025 ,부산,
1312,㈜윤담,692-87-03393,2025 ,부산,
1313,벨렌텍㈜,662-86-03395,2025 ,강소(김해),강소
1314,㈜파인디엑스,192-88-03279,2025 ,강소(김해),강소
1315,㈜다이폴라랩,850-81-01776,2025 ,강소(울주),강소
1316,㈜다미엑스,158-81-03718,2025 ,강소(울주),강소
1317,㈜비알지,470-88-02603,2025 ,강소(구미),강소
1318,매쓰인사이트㈜,887-81-03780,2025 ,강소(구미),강소
1319,㈜블루테라,534-87-03592,2025 ,강소(구미),강소
1320,㈜스터닝박스,373-86-03122,2025 ,강소(구미),강소
1321,㈜웬스,728-81-03012,2025 ,강소(구미),강소
1322,㈜하우앳,301-81-80264,2025 ,강소(청주),강소
1323,골든트라이앵글㈜,583-81-02588,2025 ,강소(군산),강소
1324,㈜플랜잇,841-88-03560,2025 ,강소(인천),강소
1325,㈜이솔바이오솔루션,122-87-03287,2025 ,강소(인천),강소
1326,㈜에이원 커뮤니케이션 코리아,732-86-02297,2025 ,광주,
1327,㈜이루프케미칼,829-87-03170,2025 ,전북,
1328,㈜아이코닉라이트,162-88-03400,2025 ,전북,
1329,㈜제이앤에이치바이오테크,104-87-03561,2025 ,전북,
1330,㈜제이와이바이오,881-81-03588,2025 ,전북,
1331,㈜더센텍,738-88-02227,2025 ,대덕,
1332,㈜웨이브샤인테크,455-88-03490,2025 ,대덕,
1333,㈜비에이티파트너스,238-81-00943,2025 ,대덕,
1334,㈜에이치솔루션즈,648-81-02828,2025 ,대덕,
1335,㈜다인테크,361-86-02644,2025 ,대덕,
1336,㈜코트랩,351-81-02604,2025 ,대덕,
1337,지엔에스㈜,212-86-16899,2025 ,강소(울주),강소
1338,㈜이스페이스,631-87-03476,2025 ,강소(진주),강소
1339,㈜퓨리센,392-88-03414,2025 ,전북,
1340,액시움㈜,406-88-03144,2025 ,전북,
1341,㈜디멧,184-87-03378,2025 ,대덕,
1342,㈜제노센스,363-86-03431,2025 ,대덕,
1343,㈜비범솔루션,753-87-02160,2025 ,대덕,
1344,㈜제닉스바이오,149-86-03645,2025 ,전북,
1345,㈜엔비오테크,549-87-03352,2025 ,전북,
1346,㈜더프롬,107-88-44627,2025 ,광주,
1347,㈜비욘드로봇,756-88-03113,2025 ,강소(천안아산),강소
1348,펜타리스 주식회사,169-86-03601,2025 ,부산,
